{
  "ie": {
    "6": 0,
    "7": 0,
    "8": 0,
    "9": 0.0008095079075021922,
    "10": 0,
    "11": 0.060961124105030406,
    "5.5": 0
  },
  "edge": {
    "12": 0.0011311305778229285,
    "13": 0,
    "14": 0.00016081133516036817,
    "15": 0.00032162267032073634,
    "16": 0.0006459709564916483,
    "17": 0.002586609441816769,
    "18": 0.019400933621550858,
    "79": 0.0006459709564916483,
    "80": 0.00016081133516036817,
    "81": 0,
    "83": 0,
    "84": 0.00016081133516036817,
    "85": 0.0012919419129832966,
    "86": 0.0037204656354898735,
    "87": 0.12741436414816493,
    "88": 0.1945217519953416,
    "89": 0.1613755376413545,
    "90": 0.12531563994352962,
    "91": 0.08828269738719194
  },
  "firefox": {
    "2": 0,
    "3": 0.00016081133516036817,
    "4": 0,
    "5": 0,
    "6": 0,
    "7": 0,
    "8": 0,
    "9": 0,
    "10": 0,
    "11": 0,
    "12": 0,
    "13": 0,
    "14": 0,
    "15": 0,
    "16": 0,
    "17": 0,
    "18": 0,
    "19": 0,
    "20": 0,
    "21": 0,
    "22": 0,
    "23": 0,
    "24": 0.00016081133516036817,
    "25": 0,
    "26": 0,
    "27": 0,
    "28": 0,
    "29": 0,
    "30": 0,
    "31": 0,
    "32": 0,
    "33": 0,
    "34": 0,
    "35": 0,
    "36": 0,
    "37": 0,
    "38": 0.00016081133516036817,
    "39": 0,
    "40": 0,
    "41": 0,
    "42": 0.00016081133516036817,
    "43": 0.000324348286170912,
    "44": 0.00016081133516036817,
    "45": 0.00048515962133128014,
    "46": 0,
    "47": 0,
    "48": 0,
    "49": 0,
    "50": 0,
    "51": 0,
    "52": 0.0012946675288334725,
    "53": 0,
    "54": 0,
    "55": 0,
    "56": 0,
    "57": 0.00016081133516036817,
    "58": 0,
    "59": 0,
    "60": 0,
    "61": 0,
    "62": 0,
    "63": 0,
    "64": 0,
    "65": 0,
    "66": 0,
    "67": 0.00016081133516036817,
    "68": 0.000648696572341824,
    "69": 0,
    "70": 0,
    "71": 0.00048515962133128014,
    "72": 0.00032162267032073634,
    "73": 0.000324348286170912,
    "74": 0,
    "75": 0.00048515962133128014,
    "76": 0.002264986771496033,
    "77": 0.0008095079075021922,
    "78": 0.028136532421364074,
    "79": 0.005173218883633538,
    "80": 0.00016081133516036817,
    "81": 0.004205625256821154,
    "82": 0.00743820565512957,
    "83": 0.005980001175285555,
    "84": 0.05756773237156162,
    "85": 0.03881004409065224,
    "86": 0.035574738076493646,
    "87": 0.022797050970869818,
    "88": 0.05045114938675278,
    "89": 0.017626557703086455,
    "90": 0,
    "91": 0,
    "3.5": 0,
    "3.6": 0
  },
  "chrome": {
    "4": 0,
    "5": 0,
    "6": 0,
    "7": 0,
    "8": 0,
    "9": 0,
    "10": 0,
    "11": 0.00016081133516036817,
    "12": 0,
    "13": 0,
    "14": 0,
    "15": 0,
    "16": 0,
    "17": 0,
    "18": 0,
    "19": 0,
    "20": 0,
    "21": 0,
    "22": 0,
    "23": 0,
    "24": 0,
    "25": 0,
    "26": 0,
    "27": 0.00032162267032073634,
    "28": 0.00016081133516036817,
    "29": 0,
    "30": 0,
    "31": 0,
    "32": 0,
    "33": 0,
    "34": 0,
    "35": 0,
    "36": 0,
    "37": 0,
    "38": 0,
    "39": 0,
    "40": 0,
    "41": 0.0009675936268123846,
    "42": 0,
    "43": 0,
    "44": 0,
    "45": 0,
    "46": 0.0017798271501647527,
    "47": 0,
    "48": 0.0027474207769771376,
    "49": 0.0019433641011752964,
    "50": 0,
    "51": 0.00048515962133128014,
    "52": 0,
    "53": 0.00048515962133128014,
    "54": 0.00016081133516036817,
    "55": 0.0006459709564916483,
    "56": 0.00016081133516036817,
    "57": 0.002586609441816769,
    "58": 0,
    "59": 0.000324348286170912,
    "60": 0.0014554788639938405,
    "61": 0,
    "62": 0.0009703192426625603,
    "63": 0.0030744946789982254,
    "64": 0.002425798106656401,
    "65": 0.004369162207831697,
    "66": 0.016814324179734087,
    "67": 0.005015133164323346,
    "68": 0.0008067822916520165,
    "69": 0.0008095079075021922,
    "70": 0.003238031630008769,
    "71": 0.002750146392827313,
    "72": 0.00404208830581061,
    "73": 0.002264986771496033,
    "74": 0.0030744946789982254,
    "75": 0.007113857368958659,
    "76": 0.021344297722726155,
    "77": 0.013096584160094389,
    "78": 0.012774961489773654,
    "79": 0.015034497029569332,
    "80": 0.025552648595397482,
    "81": 0.007593565758589588,
    "83": 0.12951853958450057,
    "84": 0.027487835849022254,
    "85": 0.03945601504714389,
    "86": 0.13727836790995088,
    "87": 2.008590814085852,
    "88": 2.4766935314267324,
    "89": 2.0124584629772513,
    "90": 1.5846130917434662,
    "91": 0.8396859261953379,
    "92": 0.0011311305778229285,
    "93": 0.00016081133516036817,
    "94": 0
  },
  "safari": {
    "4": 0,
    "5": 0,
    "6": 0.0011311305778229285,
    "7": 0,
    "8": 0.00048515962133128014,
    "9": 0.00032162267032073634,
    "10": 0,
    "11": 0.002425798106656401,
    "12": 0.0158467305529217,
    "13": 0.07745109999859358,
    "14": 2.4045873641103332,
    "15": 0,
    "3.1": 0,
    "3.2": 0,
    "5.1": 0.002910957727987681,
    "6.1": 0,
    "7.1": 0,
    "9.1": 0,
    "10.1": 0.008247713562631763,
    "11.1": 0.03330975130499761,
    "12.1": 0.07923092714875833,
    "13.1": 0.5454011828518641,
    "14.1": 0.2638859497664638,
    "TP": 0
  },
  "opera": {
    "9": 0,
    "11": 0,
    "12": 0,
    "15": 0,
    "16": 0,
    "17": 0,
    "18": 0,
    "19": 0,
    "20": 0,
    "21": 0,
    "22": 0,
    "23": 0,
    "24": 0,
    "25": 0,
    "26": 0,
    "27": 0,
    "28": 0,
    "29": 0,
    "30": 0,
    "31": 0,
    "32": 0,
    "33": 0,
    "34": 0,
    "35": 0,
    "36": 0,
    "37": 0,
    "38": 0,
    "39": 0,
    "40": 0,
    "41": 0,
    "42": 0,
    "43": 0,
    "44": 0,
    "45": 0,
    "46": 0,
    "47": 0,
    "48": 0,
    "49": 0,
    "50": 0,
    "51": 0,
    "52": 0,
    "53": 0.00032162267032073634,
    "54": 0.00016081133516036817,
    "55": 0.00016081133516036817,
    "56": 0,
    "57": 0,
    "58": 0,
    "60": 0,
    "62": 0,
    "63": 0,
    "64": 0,
    "65": 0,
    "66": 0,
    "67": 0,
    "68": 0,
    "69": 0,
    "70": 0,
    "71": 0,
    "72": 0.0009703192426625603,
    "73": 0.007599016990289939,
    "74": 0.005170493267783362,
    "75": 0.008893684519123412,
    "76": 0,
    "77": 0,
    "9.5-9.6": 0,
    "10.0-10.1": 0,
    "10.5": 0,
    "10.6": 0,
    "11.1": 0,
    "11.5": 0,
    "11.6": 0,
    "12.1": 0
  },
  "ios_saf": {
    "8": 0,
    "3.2": 0,
    "4.0-4.1": 0,
    "4.2-4.3": 0,
    "5.0-5.1": 0,
    "6.0-6.1": 0,
    "7.0-7.1": 0.0016162901991542088,
    "8.1-8.4": 0,
    "9.0-9.2": 0.0009703192426625603,
    "9.3": 0.004851596213312802,
    "10.0-10.2": 0.0017798271501647527,
    "10.3": 0.0074327544234292185,
    "11.0-11.2": 0.010673511669288163,
    "11.3-11.4": 0.3262998271196379,
    "12.0-12.1": 0.03427189370010964,
    "12.2-12.4": 0.2417375953679358,
    "13.0-13.1": 0.10979598329262899,
    "13.2": 0.06467886412467011,
    "13.3": 0.4239668198789849,
    "13.4-13.7": 1.7917380914300205,
    "14.0-14.4": 61.74622684821013,
    "14.5-14.6": 7.236376527039908
  },
  "op_mini": {
    "all": 0.0037150144037895218
  },
  "android": {
    "3": 0,
    "4": 0,
    "91": 2.517733129282828,
    "2.1": 0,
    "2.2": 0,
    "2.3": 0,
    "4.1": 0,
    "4.2-4.3": 0.00016081133516036817,
    "4.4": 0.007599016990289939,
    "4.4.3-4.4.4": 0
  },
  "bb": {
    "7": 0,
    "10": 0
  },
  "op_mob": {
    "10": 0.002008778881579514,
    "11": 0.002008778881579514,
    "12": 0.002008778881579514,
    "62": 0.002008778881579514,
    "11.1": 0.002008778881579514,
    "11.5": 0.002008778881579514,
    "12.1": 0.002008778881579514
  },
  "and_chr": {
    "91": 8.984630143196224
  },
  "and_ff": {
    "89": 0.05836088658396277
  },
  "ie_mob": {
    "10": 0,
    "11": 0
  },
  "and_uc": {
    "12.12": 0.0012946675288334725
  },
  "samsung": {
    "4": 0,
    "5.0-5.4": 0,
    "6.2-6.4": 0,
    "7.2-7.4": 0,
    "8.2": 0,
    "9.2": 0,
    "10.1": 0,
    "11.1-11.2": 0,
    "12.0": 0,
    "13.0": 0,
    "14.0": 0
  },
  "and_qq": {
    "10.4": 0
  },
  "baidu": {
    "7.12": 0
  },
  "kaios": {
    "2.5": 0
  }
}
