{
  "ie": {
    "6": 0,
    "7": 0,
    "8": 0,
    "9": 0.0008075047685780246,
    "10": 0,
    "11": 0.06315445236994341,
    "5.5": 0
  },
  "edge": {
    "12": 0.0011310897119432258,
    "13": 0,
    "14": 0.00016033488184762223,
    "15": 0.00032066976369524446,
    "16": 0.0006471698867304024,
    "17": 0.0029035189512769404,
    "18": 0.01954336450739017,
    "79": 0.0006471698867304024,
    "80": 0.00016033488184762223,
    "81": 0,
    "83": 0,
    "84": 0.00016033488184762223,
    "85": 0.0011310897119432258,
    "86": 0.0033932691358296778,
    "87": 0.1321159426424407,
    "88": 0.21271191497773548,
    "89": 0.17589028056651151,
    "90": 0.13163202281722788
  },
  "firefox": {
    "2": 0,
    "3": 0.00016033488184762223,
    "4": 0.00016033488184762223,
    "5": 0,
    "6": 0,
    "7": 0,
    "8": 0,
    "9": 0,
    "10": 0,
    "11": 0,
    "12": 0,
    "13": 0,
    "14": 0,
    "15": 0,
    "16": 0,
    "17": 0,
    "18": 0,
    "19": 0,
    "20": 0,
    "21": 0,
    "22": 0,
    "23": 0,
    "24": 0.00016033488184762223,
    "25": 0,
    "26": 0,
    "27": 0,
    "28": 0,
    "29": 0,
    "30": 0,
    "31": 0,
    "32": 0,
    "33": 0,
    "34": 0,
    "35": 0,
    "36": 0,
    "37": 0,
    "38": 0.00016033488184762223,
    "39": 0,
    "40": 0,
    "41": 0,
    "42": 0,
    "43": 0.0003235849433652012,
    "44": 0.00016033488184762223,
    "45": 0.0004839198252128234,
    "46": 0,
    "47": 0.00016033488184762223,
    "48": 0,
    "49": 0,
    "50": 0,
    "51": 0,
    "52": 0,
    "53": 0,
    "54": 0,
    "55": 0,
    "56": 0,
    "57": 0.00016033488184762223,
    "58": 0,
    "59": 0,
    "60": 0,
    "61": 0,
    "62": 0,
    "63": 0,
    "64": 0,
    "65": 0,
    "66": 0,
    "67": 0.00016033488184762223,
    "68": 0.0006471698867304024,
    "69": 0,
    "70": 0,
    "71": 0.0004839198252128234,
    "72": 0.001128174532273269,
    "73": 0.0004839198252128234,
    "74": 0,
    "75": 0.0004839198252128234,
    "76": 0.002259264244216495,
    "77": 0.0008075047685780246,
    "78": 0.026003402656014366,
    "79": 0.004684693729620526,
    "80": 0.0006442547070604457,
    "81": 0.004197858724737745,
    "82": 0.007754377922085002,
    "83": 0.005976118323411373,
    "84": 0.06104969264823462,
    "85": 0.043931757626248485,
    "86": 0.037632054359471916,
    "87": 0.024709062882553562,
    "88": 0.05345856478766721,
    "89": 0.007430792978719801,
    "90": 0,
    "3.5": 0,
    "3.6": 0
  },
  "chrome": {
    "4": 0,
    "5": 0,
    "6": 0,
    "7": 0,
    "8": 0,
    "9": 0,
    "10": 0,
    "11": 0.00016033488184762223,
    "12": 0,
    "13": 0,
    "14": 0,
    "15": 0,
    "16": 0,
    "17": 0,
    "18": 0,
    "19": 0,
    "20": 0,
    "21": 0,
    "22": 0,
    "23": 0,
    "24": 0,
    "25": 0,
    "26": 0,
    "27": 0.00032066976369524446,
    "28": 0.00016033488184762223,
    "29": 0,
    "30": 0,
    "31": 0,
    "32": 0,
    "33": 0,
    "34": 0,
    "35": 0,
    "36": 0,
    "37": 0,
    "38": 0,
    "39": 0,
    "40": 0,
    "41": 0.0009678396504256468,
    "42": 0,
    "43": 0,
    "44": 0,
    "45": 0,
    "46": 0.0019385944805212505,
    "47": 0.00016033488184762223,
    "48": 0.0029064341309468973,
    "49": 0.0019356793008512936,
    "50": 0,
    "51": 0.0004839198252128234,
    "52": 0,
    "53": 0.0006471698867304024,
    "54": 0.00016033488184762223,
    "55": 0.0008075047685780246,
    "56": 0.00016033488184762223,
    "57": 0.002746099249099275,
    "58": 0,
    "59": 0,
    "60": 0.0017782595986736282,
    "61": 0,
    "62": 0.0011310897119432258,
    "63": 0.00306676901279452,
    "64": 0.0017753444190036717,
    "65": 0.005008278672985727,
    "66": 0.014211500891039243,
    "67": 0.004521443668102946,
    "68": 0.0009678396504256468,
    "69": 0.0011310897119432258,
    "70": 0.002422514305734074,
    "71": 0.002582849187581696,
    "72": 0.002746099249099275,
    "73": 0.002585764367251653,
    "74": 0.0027431840694293183,
    "75": 0.006460038148624197,
    "76": 0.023257303406915092,
    "77": 0.014214416070709198,
    "78": 0.009847476925113962,
    "79": 0.011622821344117632,
    "80": 0.024703232523213648,
    "81": 0.00807213250611029,
    "83": 0.13276019734950115,
    "84": 0.02858042148425615,
    "85": 0.039407398778475586,
    "86": 0.14309742445916784,
    "87": 2.1315094103603096,
    "88": 2.642863991447096,
    "89": 2.135374938602672,
    "90": 1.6461494863905273,
    "91": 0.4058804654480807,
    "92": 0.0003235849433652012,
    "93": 0
  },
  "safari": {
    "4": 0,
    "5": 0,
    "6": 0.0009678396504256468,
    "7": 0,
    "8": 0.0004839198252128234,
    "9": 0.00032066976369524446,
    "10": 0,
    "11": 0.002422514305734074,
    "12": 0.016797265258290894,
    "13": 0.07963396304420903,
    "14": 2.5033172558259356,
    "3.1": 0,
    "3.2": 0,
    "5.1": 0.002582849187581696,
    "6.1": 0,
    "7.1": 0,
    "9.1": 0,
    "10.1": 0.00855896751099307,
    "11.1": 0.03165302085639058,
    "12.1": 0.08624850571534093,
    "13.1": 0.5535139094737013,
    "14.1": 0.17346776626077748,
    "TP": 0
  },
  "opera": {
    "9": 0,
    "11": 0,
    "12": 0,
    "15": 0,
    "16": 0,
    "17": 0,
    "18": 0,
    "19": 0,
    "20": 0,
    "21": 0,
    "22": 0,
    "23": 0,
    "24": 0,
    "25": 0,
    "26": 0,
    "27": 0,
    "28": 0,
    "29": 0,
    "30": 0,
    "31": 0,
    "32": 0,
    "33": 0,
    "34": 0,
    "35": 0,
    "36": 0,
    "37": 0,
    "38": 0,
    "39": 0,
    "40": 0,
    "41": 0,
    "42": 0,
    "43": 0,
    "44": 0,
    "45": 0,
    "46": 0,
    "47": 0,
    "48": 0,
    "49": 0,
    "50": 0,
    "51": 0,
    "52": 0,
    "53": 0.00032066976369524446,
    "54": 0.00016033488184762223,
    "55": 0.00016033488184762223,
    "56": 0,
    "57": 0,
    "58": 0,
    "60": 0,
    "62": 0,
    "63": 0,
    "64": 0,
    "65": 0,
    "66": 0,
    "67": 0,
    "68": 0,
    "69": 0,
    "70": 0,
    "71": 0,
    "72": 0.0009707548300956037,
    "73": 0.009366472279571094,
    "74": 0.005165698375163392,
    "75": 0.0075911278605674225,
    "9.5-9.6": 0,
    "10.0-10.1": 0,
    "10.5": 0,
    "10.6": 0,
    "11.1": 0,
    "11.5": 0,
    "11.6": 0,
    "12.1": 0
  },
  "ios_saf": {
    "8": 0,
    "3.2": 0,
    "4.0-4.1": 0,
    "4.2-4.3": 0,
    "5.0-5.1": 0,
    "6.0-6.1": 0,
    "7.0-7.1": 0.0017753444190036717,
    "8.1-8.4": 0,
    "9.0-9.2": 0.0009678396504256468,
    "9.3": 0.0054892833185285934,
    "10.0-10.2": 0.003390353956159721,
    "10.3": 0.00742204743970993,
    "11.0-11.2": 0.011465401641939967,
    "11.3-11.4": 0.31560026624918963,
    "12.0-12.1": 0.037792389241319536,
    "12.2-12.4": 0.24744336556560037,
    "13.0-13.1": 0.11240932807353296,
    "13.2": 0.067025810971646,
    "13.3": 0.43674055743424306,
    "13.4-13.7": 1.8566137978427262,
    "14.0-14.4": 64.8889434610523,
    "14.5": 2.214530812181008
  },
  "op_mini": {
    "all": 0.0038684434220326307
  },
  "android": {
    "3": 0,
    "4": 0,
    "90": 2.500821862028453,
    "2.1": 0,
    "2.2": 0,
    "2.3": 0,
    "4.1": 0,
    "4.2-4.3": 0.00016033488184762223,
    "4.4": 0.008075047685780245,
    "4.4.3-4.4.4": 0
  },
  "bb": {
    "7": 0,
    "10": 0
  },
  "op_mob": {
    "10": 0.0019152730431615964,
    "11": 0.0019152730431615964,
    "12": 0.0019152730431615964,
    "62": 0.0019152730431615964,
    "11.1": 0.0019152730431615964,
    "11.5": 0.0019152730431615964,
    "12.1": 0.0019152730431615964
  },
  "and_chr": {
    "90": 8.872425120184841
  },
  "and_ff": {
    "87": 0.05265980555809905
  },
  "ie_mob": {
    "10": 0,
    "11": 0
  },
  "and_uc": {
    "12.12": 0.0019385944805212505
  },
  "samsung": {
    "4": 0,
    "5.0-5.4": 0,
    "6.2-6.4": 0,
    "7.2-7.4": 0,
    "8.2": 0,
    "9.2": 0,
    "10.1": 0,
    "11.1-11.2": 0,
    "12.0": 0,
    "13.0": 0,
    "14.0": 0
  },
  "and_qq": {
    "10.4": 0
  },
  "baidu": {
    "7.12": 0
  },
  "kaios": {
    "2.5": 0
  }
}
