{
  "ie": {
    "6": 0,
    "7": 0.00016106767311975352,
    "8": 0,
    "9": 0.0009587361495223423,
    "10": 0,
    "11": 0.06910570165757043,
    "5.5": 0.00016106767311975352
  },
  "edge": {
    "12": 0.0011198038226420959,
    "13": 0,
    "14": 0.00016106767311975352,
    "15": 0.00047936807476117114,
    "16": 0.0008015034210006781,
    "17": 0.003363246412524377,
    "18": 0.0220777760512005,
    "79": 0.0006404357478809247,
    "80": 0,
    "81": 0,
    "83": 0,
    "84": 0.00016106767311975352,
    "85": 0.0017602395705230206,
    "86": 0.004160914888926966,
    "87": 0.17532599713544977,
    "88": 0.2621759874483797,
    "89": 0.21803961006896916,
    "90": 0.031511739762500345
  },
  "firefox": {
    "2": 0,
    "3": 0.00016106767311975352,
    "4": 0.00031830040164141765,
    "5": 0,
    "6": 0,
    "7": 0,
    "8": 0,
    "9": 0,
    "10": 0,
    "11": 0,
    "12": 0,
    "13": 0,
    "14": 0,
    "15": 0,
    "16": 0,
    "17": 0,
    "18": 0,
    "19": 0,
    "20": 0,
    "21": 0,
    "22": 0,
    "23": 0,
    "24": 0,
    "25": 0,
    "26": 0,
    "27": 0,
    "28": 0,
    "29": 0,
    "30": 0,
    "31": 0,
    "32": 0,
    "33": 0,
    "34": 0,
    "35": 0,
    "36": 0,
    "37": 0,
    "38": 0.00016106767311975352,
    "39": 0,
    "40": 0,
    "41": 0,
    "42": 0,
    "43": 0.00031830040164141765,
    "44": 0,
    "45": 0.00016106767311975352,
    "46": 0,
    "47": 0,
    "48": 0,
    "49": 0,
    "50": 0,
    "51": 0,
    "52": 0.0009587361495223423,
    "53": 0,
    "54": 0,
    "55": 0,
    "56": 0,
    "57": 0,
    "58": 0,
    "59": 0,
    "60": 0,
    "61": 0,
    "62": 0,
    "63": 0,
    "64": 0.00047936807476117114,
    "65": 0,
    "66": 0,
    "67": 0.00016106767311975352,
    "68": 0.0006366008032828353,
    "69": 0,
    "70": 0,
    "71": 0,
    "72": 0.0016030068420013561,
    "73": 0.0009587361495223423,
    "74": 0,
    "75": 0.00047936807476117114,
    "76": 0.0016030068420013561,
    "77": 0.0006366008032828353,
    "78": 0.0243135487518866,
    "79": 0.0028800433931651164,
    "80": 0.0009587361495223423,
    "81": 0.0044792152905683835,
    "82": 0.010711000262463608,
    "83": 0.00656159020733091,
    "84": 0.07758476416394602,
    "85": 0.061589210245315267,
    "86": 0.04110677114691995,
    "87": 0.03759396189507008,
    "88": 0.006235619916493315,
    "89": 0,
    "90": 0,
    "3.5": 0,
    "3.6": 0
  },
  "chrome": {
    "4": 0,
    "5": 0,
    "6": 0,
    "7": 0,
    "8": 0,
    "9": 0,
    "10": 0,
    "11": 0.00031830040164141765,
    "12": 0,
    "13": 0,
    "14": 0,
    "15": 0,
    "16": 0,
    "17": 0,
    "18": 0,
    "19": 0,
    "20": 0,
    "21": 0,
    "22": 0,
    "23": 0,
    "24": 0,
    "25": 0,
    "26": 0,
    "27": 0.00032213534623950704,
    "28": 0.00016106767311975352,
    "29": 0,
    "30": 0,
    "31": 0,
    "32": 0,
    "33": 0,
    "34": 0,
    "35": 0,
    "36": 0,
    "37": 0,
    "38": 0,
    "39": 0,
    "40": 0,
    "41": 0.0014419391688816029,
    "42": 0,
    "43": 0,
    "44": 0,
    "45": 0,
    "46": 0.002078539972164438,
    "47": 0,
    "48": 0.003198343794806534,
    "49": 0.0016030068420013561,
    "50": 0,
    "51": 0.00047936807476117114,
    "52": 0.00016106767311975352,
    "53": 0.0006404357478809247,
    "54": 0.00016106767311975352,
    "55": 0.0011198038226420959,
    "56": 0,
    "57": 0.003363246412524377,
    "58": 0.0012808714957618494,
    "59": 0,
    "60": 0.0022396076452841918,
    "61": 0,
    "62": 0.0017525696813268418,
    "63": 0.0017602395705230206,
    "64": 0.001599171897403267,
    "65": 0.010235467132300526,
    "66": 0.00016106767311975352,
    "67": 0.002078539972164438,
    "68": 0.0011198038226420959,
    "69": 0.0011236387672401852,
    "70": 0.00304111106628487,
    "71": 0.0025579080469256095,
    "72": 0.0028800433931651164,
    "73": 0.0022396076452841918,
    "74": 0.0020823749167625276,
    "75": 0.006718822935852575,
    "76": 0.04558982138208642,
    "77": 0.015040652713706507,
    "78": 0.015677253516989342,
    "79": 0.021437340303319573,
    "80": 0.025755487920768205,
    "81": 0.009756099057539356,
    "83": 0.22860104749210733,
    "84": 0.03039193593985825,
    "85": 0.04863860233756747,
    "86": 0.17901904878340985,
    "87": 2.6938184834818966,
    "88": 3.3726842111802746,
    "89": 2.512279876097542,
    "90": 0.2369037025469708,
    "91": 0.00047936807476117114,
    "92": 0,
    "93": 0
  },
  "safari": {
    "4": 0,
    "5": 0,
    "6": 0.0009587361495223423,
    "7": 0,
    "8": 0.00031830040164141765,
    "9": 0,
    "10": 0.0006404357478809247,
    "11": 0.005280718711569062,
    "12": 0.01472235231206509,
    "13": 0.09517948997998006,
    "14": 2.679253363898353,
    "3.1": 0,
    "3.2": 0,
    "5.1": 0.0022396076452841918,
    "6.1": 0,
    "7.1": 0,
    "9.1": 0,
    "10.1": 0.00911566330965843,
    "11.1": 0.034556685773383305,
    "12.1": 0.09965103538135227,
    "13.1": 0.6107417718579187,
    "14.1": 0.007516491412255163,
    "TP": 0
  },
  "opera": {
    "9": 0,
    "11": 0,
    "12": 0,
    "15": 0,
    "16": 0,
    "17": 0,
    "18": 0,
    "19": 0,
    "20": 0,
    "21": 0,
    "22": 0,
    "23": 0,
    "24": 0,
    "25": 0,
    "26": 0,
    "27": 0,
    "28": 0,
    "29": 0,
    "30": 0,
    "31": 0,
    "32": 0,
    "33": 0,
    "34": 0,
    "35": 0,
    "36": 0,
    "37": 0,
    "38": 0,
    "39": 0,
    "40": 0,
    "41": 0,
    "42": 0,
    "43": 0,
    "44": 0,
    "45": 0,
    "46": 0,
    "47": 0,
    "48": 0,
    "49": 0,
    "50": 0,
    "51": 0,
    "52": 0,
    "53": 0,
    "54": 0.00016106767311975352,
    "55": 0.00016106767311975352,
    "56": 0,
    "57": 0,
    "58": 0,
    "60": 0,
    "62": 0,
    "63": 0,
    "64": 0,
    "65": 0,
    "66": 0,
    "67": 0,
    "68": 0,
    "69": 0,
    "70": 0,
    "71": 0,
    "72": 0.0019174722990446846,
    "73": 0.014085751508782253,
    "74": 0.005760086786330233,
    "75": 0.0025617429915236987,
    "9.5-9.6": 0,
    "10.0-10.1": 0,
    "10.5": 0,
    "10.6": 0,
    "11.1": 0,
    "11.5": 0,
    "11.6": 0,
    "12.1": 0
  },
  "ios_saf": {
    "8": 0,
    "3.2": 0,
    "4.0-4.1": 0,
    "4.2-4.3": 0,
    "5.0-5.1": 0,
    "6.0-6.1": 0,
    "7.0-7.1": 0.001921307243642774,
    "8.1-8.4": 0,
    "9.0-9.2": 0.0009587361495223423,
    "9.3": 0.004793680747611712,
    "10.0-10.2": 0.0030449460108829592,
    "10.3": 0.007999694431614425,
    "11.0-11.2": 0.012965947686140157,
    "11.3-11.4": 0.46086446707538997,
    "12.0-12.1": 0.04720049811328396,
    "12.2-12.4": 0.29706631340179684,
    "13.0-13.1": 0.12220817950731394,
    "13.2": 0.07678709568754344,
    "13.3": 0.5000576008678633,
    "13.4-13.7": 2.164818555732253,
    "14.0-14.4": 68.06320264813662,
    "14.5": 0.4063047102783725
  },
  "op_mini": {
    "all": 0.004644117908286226
  },
  "android": {
    "3": 0,
    "4": 0,
    "90": 2.4695931077762094,
    "2.1": 0,
    "2.2": 0,
    "2.3": 0,
    "4.1": 0,
    "4.2-4.3": 0.00016106767311975352,
    "4.4": 0.00911949825425652,
    "4.4.3-4.4.4": 0
  },
  "bb": {
    "7": 0,
    "10": 0
  },
  "op_mob": {
    "10": 0.002078539972164438,
    "11": 0.002078539972164438,
    "12": 0.002078539972164438,
    "62": 0.002078539972164438,
    "11.1": 0.002078539972164438,
    "11.5": 0.002078539972164438,
    "12.1": 0.002078539972164438
  },
  "and_chr": {
    "90": 8.680861126071656
  },
  "and_ff": {
    "87": 0.04574705411060809
  },
  "ie_mob": {
    "10": 0,
    "11": 0
  },
  "and_uc": {
    "12.12": 0.003520479141046041
  },
  "samsung": {
    "4": 0,
    "5.0-5.4": 0,
    "6.2-6.4": 0,
    "7.2-7.4": 0,
    "8.2": 0,
    "9.2": 0,
    "10.1": 0,
    "11.1-11.2": 0,
    "12.0": 0,
    "13.0": 0,
    "14.0": 0
  },
  "and_qq": {
    "10.4": 0
  },
  "baidu": {
    "7.12": 0
  },
  "kaios": {
    "2.5": 0
  }
}
